task,tokenizer,seed,step,split,contract_valid,exact_reference_with_eos,examples,gold_eos_probability_mean,reference_fits_budget,response_token_nll,response_tokens,scoped_check_pass,syntax_valid,teacher_token_accuracy,termination_counts
structured,byte,17,0,train,0,0,4,0.00435479253064841,4,5.534322214650584,182,0,0,0.06593406593406594,"{""token_budget"": 4}"
structured,byte,17,0,validation,0,0,4,0.0043549262918531895,4,5.538499500440515,184,0,0,0.06521739130434782,"{""token_budget"": 4}"
structured,byte,17,32,train,0,0,4,0.01976643828675151,4,3.902518387679215,182,0,0,0.2857142857142857,"{""token_budget"": 4}"
structured,byte,17,32,validation,0,0,4,0.0197809636592865,4,3.915436786154042,184,0,0,0.29347826086956524,"{""token_budget"": 4}"
structured,byte,17,128,train,0,0,4,0.2728819027543068,4,1.5261717157049492,182,0,0,0.8076923076923077,"{""eos"": 3, ""token_budget"": 1}"
structured,byte,17,128,validation,0,0,4,0.2728081941604614,4,1.5639923759128735,184,0,0,0.782608695652174,"{""eos"": 3, ""token_budget"": 1}"
structured,byte,17,384,train,4,1,4,0.9601054042577744,4,0.11271370112240969,182,1,4,0.978021978021978,"{""eos"": 4}"
structured,byte,17,384,validation,3,0,4,0.9599134624004364,4,0.1621515206668688,184,0,3,0.9510869565217391,"{""eos"": 4}"
structured,byte,29,0,train,0,0,4,0.004300846951082349,4,5.509738461001889,182,0,0,0.06593406593406594,"{""token_budget"": 4}"
structured,byte,29,0,validation,0,0,4,0.004296209081076086,4,5.510623931884766,184,0,0,0.06521739130434782,"{""token_budget"": 4}"
structured,byte,29,32,train,0,0,4,0.018093187361955643,4,3.871475638924064,182,0,0,0.26373626373626374,"{""token_budget"": 4}"
structured,byte,29,32,validation,0,0,4,0.01810446148738265,4,3.8818084882653277,184,0,0,0.24456521739130435,"{""token_budget"": 4}"
structured,byte,29,128,train,0,0,4,0.31968364864587784,4,1.4467520242208962,182,0,0,0.8241758241758241,"{""eos"": 4}"
structured,byte,29,128,validation,0,0,4,0.31761667877435684,4,1.4710218595421833,184,0,0,0.782608695652174,"{""eos"": 4}"
structured,byte,29,384,train,4,3,4,0.9586746841669083,4,0.08219758625868913,182,3,4,0.9945054945054945,"{""eos"": 4}"
structured,byte,29,384,validation,3,0,4,0.9578003585338593,4,0.2054807284603948,184,0,3,0.9402173913043478,"{""eos"": 4}"
structured,bpe32,17,0,train,0,0,4,0.003359030408319086,4,5.653568222943474,170,0,0,0.07058823529411765,"{""token_budget"": 4}"
structured,bpe32,17,0,validation,0,0,4,0.003369659010786563,4,5.655549869980923,172,0,0,0.06976744186046512,"{""token_budget"": 4}"
structured,bpe32,17,32,train,0,0,4,0.018323739059269428,4,3.968494549919577,170,0,0,0.3235294117647059,"{""token_budget"": 4}"
structured,bpe32,17,32,validation,0,0,4,0.018341549206525087,4,3.978963009146757,172,0,0,0.3430232558139535,"{""token_budget"": 4}"
structured,bpe32,17,128,train,0,0,4,0.34877555817365646,4,1.5397788777070887,170,0,0,0.8352941176470589,"{""token_budget"": 4}"
structured,bpe32,17,128,validation,0,0,4,0.348872534930706,4,1.5811855404875998,172,0,0,0.8197674418604651,"{""token_budget"": 4}"
structured,bpe32,17,384,train,4,2,4,0.9534554928541183,4,0.12356744093053482,170,2,4,0.9764705882352941,"{""eos"": 4}"
structured,bpe32,17,384,validation,2,0,4,0.9535268992185593,4,0.2645212827726852,172,0,2,0.936046511627907,"{""eos"": 4}"
structured,bpe32,29,0,train,0,0,4,0.0034131425200030208,4,5.644892703785616,170,0,0,0.07058823529411765,"{""token_budget"": 4}"
structured,bpe32,29,0,validation,0,0,4,0.003414332401007414,4,5.639549077943314,172,0,0,0.06976744186046512,"{""token_budget"": 4}"
structured,bpe32,29,32,train,0,0,4,0.01807053992524743,4,4.04016939051011,170,0,0,0.4117647058823529,"{""token_budget"": 4}"
structured,bpe32,29,32,validation,0,0,4,0.01807980425655842,4,4.047355208286019,172,0,0,0.4127906976744186,"{""token_budget"": 4}"
structured,bpe32,29,128,train,0,0,4,0.3625674694776535,4,1.3575911129222196,170,0,0,0.8470588235294118,"{""eos"": 4}"
structured,bpe32,29,128,validation,0,0,4,0.36206190288066864,4,1.3830325548038926,172,0,0,0.8372093023255814,"{""eos"": 4}"
structured,bpe32,29,384,train,4,2,4,0.9569533318281174,4,0.0974396691602819,170,2,4,0.9882352941176471,"{""eos"": 4}"
structured,bpe32,29,384,validation,4,0,4,0.9569196105003357,4,0.2311098714207494,172,0,4,0.9476744186046512,"{""eos"": 4}"
symbolic,byte,17,0,train,0,0,4,0.0043922963086515665,4,5.555719986337746,203,0,0,0.034482758620689655,"{""token_budget"": 4}"
symbolic,byte,17,0,validation,0,0,4,0.004400584846735001,4,5.563592834472656,200,0,0,0.03,"{""token_budget"": 4}"
symbolic,byte,17,32,train,0,0,4,0.019956478383392096,4,4.058732056265394,203,0,0,0.3251231527093596,"{""token_budget"": 4}"
symbolic,byte,17,32,validation,0,0,4,0.019927754998207092,4,4.078388137817383,200,0,0,0.32,"{""token_budget"": 4}"
symbolic,byte,17,128,train,0,0,4,0.29743263870477676,4,1.6386235429735607,203,0,0,0.729064039408867,"{""token_budget"": 4}"
symbolic,byte,17,128,validation,0,0,4,0.2975563257932663,4,1.6460330200195312,200,0,0,0.745,"{""token_budget"": 4}"
symbolic,byte,17,384,train,4,0,4,0.960807129740715,4,0.24600776428072324,203,0,4,0.9359605911330049,"{""eos"": 4}"
symbolic,byte,17,384,validation,4,0,4,0.9611276239156723,4,0.3430346632003784,200,0,4,0.915,"{""eos"": 4}"
symbolic,byte,29,0,train,0,0,4,0.004209820297546685,4,5.544192459782943,203,0,0,0.034482758620689655,"{""token_budget"": 4}"
symbolic,byte,29,0,validation,0,0,4,0.004221653449349105,4,5.545695190429687,200,0,0,0.03,"{""token_budget"": 4}"
symbolic,byte,29,32,train,0,0,4,0.018135484773665667,4,4.01881423724696,203,0,0,0.2955665024630542,"{""token_budget"": 4}"
symbolic,byte,29,32,validation,0,0,4,0.01813409850001335,4,4.037953338623047,200,0,0,0.3,"{""token_budget"": 4}"
symbolic,byte,29,128,train,0,0,4,0.3125200718641281,4,1.566593339290525,203,0,0,0.7733990147783252,"{""token_budget"": 4}"
symbolic,byte,29,128,validation,0,0,4,0.31245797872543335,4,1.5987109756469726,200,0,0,0.79,"{""token_budget"": 4}"
symbolic,byte,29,384,train,4,0,4,0.9606217294931412,4,0.25409636943798347,203,0,4,0.916256157635468,"{""eos"": 4}"
symbolic,byte,29,384,validation,4,0,4,0.9609519988298416,4,0.35211647033691407,200,0,4,0.92,"{""eos"": 4}"
symbolic,bpe32,17,0,train,0,0,4,0.00360605790046975,4,5.682653685910019,199,0,0,0.035175879396984924,"{""token_budget"": 4}"
symbolic,bpe32,17,0,validation,0,0,4,0.0036088693886995316,4,5.686012423768336,196,0,0,0.030612244897959183,"{""token_budget"": 4}"
symbolic,bpe32,17,32,train,0,0,4,0.016974222846329212,4,4.126012984232687,199,0,0,0.32160804020100503,"{""token_budget"": 4}"
symbolic,bpe32,17,32,validation,0,0,4,0.016981955152004957,4,4.143876523387675,196,0,0,0.32653061224489793,"{""token_budget"": 4}"
symbolic,bpe32,17,128,train,0,0,4,0.34297800809144974,4,1.5883854238232176,199,0,0,0.8040201005025126,"{""eos"": 4}"
symbolic,bpe32,17,128,validation,0,0,4,0.34300239384174347,4,1.6177050532126913,196,0,0,0.8214285714285714,"{""eos"": 4}"
symbolic,bpe32,17,384,train,4,0,4,0.9627477526664734,4,0.2299213696963823,199,0,4,0.9346733668341709,"{""eos"": 4}"
symbolic,bpe32,17,384,validation,4,0,4,0.9628235697746277,4,0.33512482837754853,196,0,4,0.9285714285714286,"{""eos"": 4}"
symbolic,bpe32,29,0,train,0,0,4,0.0034382848534733057,4,5.653686063373508,199,0,0,0.035175879396984924,"{""token_budget"": 4}"
symbolic,bpe32,29,0,validation,0,0,4,0.003438164829276502,4,5.656784680424904,196,0,0,0.030612244897959183,"{""token_budget"": 4}"
symbolic,bpe32,29,32,train,0,0,4,0.016832256224006414,4,4.1013961868669515,199,0,0,0.32160804020100503,"{""token_budget"": 4}"
symbolic,bpe32,29,32,validation,0,0,4,0.016840198542922735,4,4.114994360476124,196,0,0,0.32653061224489793,"{""token_budget"": 4}"
symbolic,bpe32,29,128,train,0,0,4,0.27636636793613434,4,1.6537771560438914,199,0,0,0.7788944723618091,"{""token_budget"": 4}"
symbolic,bpe32,29,128,validation,0,0,4,0.2772849351167679,4,1.664016762558295,196,0,0,0.8163265306122449,"{""token_budget"": 4}"
symbolic,bpe32,29,384,train,4,0,4,0.9570644497871399,4,0.2538630423234336,199,0,4,0.9296482412060302,"{""eos"": 4}"
symbolic,bpe32,29,384,validation,4,0,4,0.9574896544218063,4,0.3329869192473742,196,0,4,0.9132653061224489,"{""eos"": 4}"
